SET DATESTYLE TO 'european';

/*Dans EquipeProjet*/
INSERT INTO EquipeProjets (codeEq, nomEq) VALUES ('1','SARA');
INSERT INTO EquipeProjets (codeEq, nomEq) VALUES ('2','MOST');
INSERT INTO EquipeProjets (codeEq, nomEq) VALUES ('3','IDEA');
INSERT INTO EquipeProjets (codeEq, nomEq) VALUES ('4','NEO');
INSERT INTO EquipeProjets (codeEq, nomEq) VALUES ('5','RIS');
INSERT INTO EquipeProjets (codeEq, nomEq) VALUES ('6','S4M');
INSERT INTO EquipeProjets (codeEq, nomEq) VALUES ('7','ELIA');
INSERT INTO EquipeProjets (codeEq, nomEq) VALUES ('8','OSE');
INSERT INTO EquipeProjets (codeEq, nomEq) VALUES ('9','TSF');
INSERT INTO EquipeProjets (codeEq, nomEq) VALUES ('10','ISGE');


/*Dans ChercheursS*/
INSERT INTO Chercheurs  VALUES ('chrl1','39df9cf52d3915bbeef6522df4007395','leleivai','rodrigue','rleleivai@pcr.fr','0784409617','true');
INSERT INTO Chercheurs  VALUES ('chld2','e728b47751c6555942cb60f97d1e4553','ly','dieynaba','lydieynaly@pcr.fr','0758089104','true');
INSERT INTO Chercheurs  VALUES ('chts3','082e097606d795b8804629490cedd2f1','taillefer','simon','simon.taillefer82@pcr.fr','0666987427','true');
INSERT INTO Chercheurs  VALUES ('chat4','5a1d365841386335862599302dedb9a1','alwan','tarek','alwantarek@pcr.fr','0751681651','true');
INSERT INTO Chercheurs  VALUES ('chmf5','846a14f835fb3c75c59148c136a9b293','mojahid','fabrice','mojahid@pcr.fr','0658089100','true');
INSERT INTO Chercheurs  VALUES ('chas6','f7644789dccac604f92befc9993e67a3','aoun','sylvie','aoun@pcr.fr','0658012345','true');
INSERT INTO Chercheurs  VALUES ('chga7','00eb6e35f6edc7e5fcb2aacc7a21f891','galy','antoine','galy@pcr.fr','0758089321','true');
INSERT INTO Chercheurs  VALUES ('chta8','6ce1a133fa63d64306c463bdd3122598','tall','amina','tall@pcr.fr','0758089322','true');
INSERT INTO Chercheurs  VALUES ('chlc9','63174b8bf0e066b386ca1cf2531d40ad','leroux','Catherine','leroux@pcr.fr','0758082788','true');
INSERT INTO Chercheurs  VALUES ('chtj10','042e0b99fba7d45006d33ba03d7adebe','tissene','jacky','tissene@pcr.fr','0758088756','true');
INSERT INTO Chercheurs  VALUES ('chbc11','c57ea33583fc6e7bde0932ea9236ee45','bourasseau','christine','bourasseau@pcr.fr','0758089555','true');
INSERT INTO Chercheurs  VALUES ('chai12','ae034dc2a8a3c262fadda5006832e7dd','abdallah','iman','abdallah@pcr.fr','0561336838','true');
INSERT INTO Chercheurs  VALUES ('chap13','987eb20a3b15574817893b59afdb7e0c','acco','pascal','acco@pcr.fr','0561336838','true');
INSERT INTO Chercheurs  VALUES ('chaf14','f937e0feb871ffa0b2b82b9cf1d9286f','aissaoui','francois','aissaoui@pcr.fr','0561336838','true');
INSERT INTO Chercheurs  VALUES ('chmm15','2440252477a614ec4252a8e007448e7c','maty','mathieu','maty@pcr.fr','0561336838','true');
INSERT INTO Chercheurs  VALUES ('chav16','b1982bb762315e421f0ce9f610ad7786','arellando','victor','arellando@pcr.fr','0561336838','true');
INSERT INTO Chercheurs  VALUES ('chap17','ed8bcb5ac3bbf2af60873f031aa63d93','arguel','philippe','arguel@pcr.fr','0561336838','true');
INSERT INTO Chercheurs  VALUES ('chaj18','30f7755558b1586a52c80cc1b648f761','arlat','jean','arlat@pcr.fr','0561336838','true');
INSERT INTO Chercheurs  VALUES ('chas19','a8e6800ea5b2924309f8509d24b318a3','aude','sylvain','aude@pcr.fr','0561336838','true');
INSERT INTO Chercheurs  VALUES ('chap20','229979fce5174c17d4645bf8752dae1e','austin','patrick','austin@pcr.fr','0561336838','true');
INSERT INTO Chercheurs  VALUES ('chav21','e5eb0b0b6ced3cd34853bafe1305440e','averlant','guillaume','averlant@pcr.fr','0561336838','true');
INSERT INTO Chercheurs  VALUES ('chag22','5c04fcb27cd1b8362bf1e019ac2bf415','auriol','guillaume','auriol.guillaume@pcr.fr','0561336838','true');
INSERT INTO Chercheurs  VALUES ('chah23','522d2735ccbe5b74968dfc9a09ed2dbf','aubert','herve','aubert.herve@pcr.fr','0561336838','true');
INSERT INTO Chercheurs  VALUES ('chac24','323cb372e1e455e4181d167f0ac2e903','artigues','christian','artigues.christian@pcr.fr','0561336838','true');
INSERT INTO Chercheurs  VALUES ('chac25','0d3ab697ab44fae4aea4097d41024718','arlotti','clement','artlotti.clement@pcr.fr','0561336838','true');
INSERT INTO Chercheurs  VALUES ('chay26','082bb11574f57aed02d059ce994800d1','ariba','yassine','ariba.yassine@pcr.fr','0561336838','true');
INSERT INTO Chercheurs  VALUES ('chai27','0264391c340e4d3cbba430cee7836eaf','ardi','ibrahim','ardi.ibrahim@pcr.fr','0561336838','true');
INSERT INTO Chercheurs  VALUES ('chld28','127da71146a25580c3690ef7b89edad4','leana','dollars','leana.dollars@pcr.fr','0561336838','true'); 
INSERT INTO Chercheurs  VALUES ('chps29','765ba753b609d84b3813991fe23f81b3','perez','sophie','perez.sophie@pcr.fr','0561336838','true');
INSERT INTO Chercheurs  VALUES ('chal30','0e5091a25295e44fea9957638527301f','antoine','laurent','antoine.laurent@pcr.fr','0561336838','true');
INSERT INTO Chercheurs  VALUES ('chja31','bf17e568257ec4f32a1128167e882312','jade','athena','jade.athena@pcr.fr','0561336838','true');
INSERT INTO Chercheurs  VALUES ('chem32','14bd76e02198410c078ab65227ea0794','eva','mathieu','eva.mathieu@pcr.fr','0561336838','false');
INSERT INTO Chercheurs  VALUES ('chcs33','236e92bcf7c04d8d7ff3f798b537823f','clement','sophie','clement.sophie@pcr.fr','0561336838','false');
INSERT INTO Chercheurs  VALUES ('chlb34','7470c957b343e15aff2db879af35f1b2','louison','brunet','louison.brunet@pcr.fr','0561336838','false');

/*Dans Appartenir*/
/*membre equipe 1*/
INSERT INTO Appartenir (loginCh, codeEq) VALUES ('chrl1','1');
INSERT INTO Appartenir (loginCh, codeEq) VALUES ('chld2','1');
INSERT INTO Appartenir (loginCh, codeEq) VALUES ('chat4','1');
INSERT INTO Appartenir (loginCh, codeEq) VALUES ('chmf5','1');
INSERT INTO Appartenir (loginCh, codeEq) VALUES ('chtj10','1');
/*membre equipe2*/
INSERT INTO Appartenir (loginCh, codeEq) VALUES ('chrl1','2');
INSERT INTO Appartenir (loginCh, codeEq) VALUES ('chld2','2');
INSERT INTO Appartenir (loginCh, codeEq) VALUES ('chmf5','2');
INSERT INTO Appartenir (loginCh, codeEq) VALUES ('chai12','2');
INSERT INTO Appartenir (loginCh, codeEq) VALUES ('chmm15','2');
/*membre equipe3*/
INSERT INTO Appartenir (loginCh, codeEq) VALUES ('chrl1','3');
INSERT INTO Appartenir (loginCh, codeEq) VALUES ('chai12','3');
INSERT INTO Appartenir (loginCh, codeEq) VALUES ('chav16','3');
INSERT INTO Appartenir (loginCh, codeEq) VALUES ('chap17','3');
INSERT INTO Appartenir (loginCh, codeEq) VALUES ('chaj18','3');
/*membre equipe4*/
INSERT INTO Appartenir (loginCh, codeEq) VALUES ('chld2','4');
INSERT INTO Appartenir (loginCh, codeEq) VALUES ('chlc9','4');
INSERT INTO Appartenir (loginCh, codeEq) VALUES ('chap20','4');
INSERT INTO Appartenir (loginCh, codeEq) VALUES ('chac24','4');
INSERT INTO Appartenir (loginCh, codeEq) VALUES ('chay26','4');
/*membre equipe5*/
INSERT INTO Appartenir (loginCh, codeEq) VALUES ('chts3','5');
INSERT INTO Appartenir (loginCh, codeEq) VALUES ('chta8','5');
INSERT INTO Appartenir (loginCh, codeEq) VALUES ('chas19','5');
INSERT INTO Appartenir (loginCh, codeEq) VALUES ('chav21','5');
INSERT INTO Appartenir (loginCh, codeEq) VALUES ('chld28','5');
/*membre equipe6*/
INSERT INTO Appartenir (loginCh, codeEq) VALUES ('chts3','6');
INSERT INTO Appartenir (loginCh, codeEq) VALUES ('chaf14','6');
INSERT INTO Appartenir (loginCh, codeEq) VALUES ('chav21','6');
INSERT INTO Appartenir (loginCh, codeEq) VALUES ('chah23','6');
INSERT INTO Appartenir (loginCh, codeEq) VALUES ('chai27','6');
/*membre equipe7*/
INSERT INTO Appartenir (loginCh, codeEq) VALUES ('chga7','7');
INSERT INTO Appartenir (loginCh, codeEq) VALUES ('chbc11','7');
INSERT INTO Appartenir (loginCh, codeEq) VALUES ('chay26','7');
INSERT INTO Appartenir (loginCh, codeEq) VALUES ('chld28','7');
INSERT INTO Appartenir (loginCh, codeEq) VALUES ('chal30','7');
/*membre equipe8*/
INSERT INTO Appartenir (loginCh, codeEq) VALUES ('chts3','8');
INSERT INTO Appartenir (loginCh, codeEq) VALUES ('chap13','8');
INSERT INTO Appartenir (loginCh, codeEq) VALUES ('chac25','8');
INSERT INTO Appartenir (loginCh, codeEq) VALUES ('chai27','8');
INSERT INTO Appartenir (loginCh, codeEq) VALUES ('chal30','8');
/*membre equipe9*/
INSERT INTO Appartenir (loginCh, codeEq) VALUES ('chat4','9');
INSERT INTO Appartenir (loginCh, codeEq) VALUES ('chbc11','9');
INSERT INTO Appartenir (loginCh, codeEq) VALUES ('chap13','9');
INSERT INTO Appartenir (loginCh, codeEq) VALUES ('chah23','9');
INSERT INTO Appartenir (loginCh, codeEq) VALUES ('chps29','9');
/*membre equipe10*/
INSERT INTO Appartenir (loginCh, codeEq) VALUES ('chat4','10');
INSERT INTO Appartenir (loginCh, codeEq) VALUES ('chas6','10');
INSERT INTO Appartenir (loginCh, codeEq) VALUES ('chaf14','10');
INSERT INTO Appartenir (loginCh, codeEq) VALUES ('chag22','10');
INSERT INTO Appartenir (loginCh, codeEq) VALUES ('chja31','10');



/*Dans ABONNES*/
INSERT INTO abonnes  VALUES ('abdj1','e18164fb58a9c2921f8def70b4d6ab47','dupont','jean','jdupont@pcr.fr','0561336838','true');
INSERT INTO abonnes  VALUES ('abpp2','84675f2baf7140037b8f5afe54eef841','pierre','paul','ppaul@pcr.fr','0561336838','false');
INSERT INTO abonnes  VALUES ('abgr3','a82e764a09d728bcba36c559ba2c537a','gras','roy','groy@pcr.fr','0561336838','true');
INSERT INTO abonnes  VALUES ('abbm4','317aaad9e235b279c380f4cff1ef3c64','bonnafon','marc','bmarc@pcr.fr','0561336838','true');
INSERT INTO abonnes  VALUES ('abbm5','2faefd317532eb16143481a2e682a035','bonne','emelyne','bemelyne@pcr.fr','0561336838','true');


/*---------------------------------------------INCOMPLET-----------------------------------------------------------------------------------------------*/

INSERT INTO Projet (codeProjet, titreProjet, themes, budget, dateDebut, description, loginCh, codeEq) VALUES ('prpcr1','','','','','','','chld2','1');
INSERT INTO Projet (codeProjet, titreProjet, themes, budget, dateDebut, description, loginCh, codeEq) VALUES ('prpcr2','','','','','','','chrl1','2');
INSERT INTO Projet (codeProjet, titreProjet, themes, budget, dateDebut, description, loginCh, codeEq) VALUES ('prpcr3','','','','','','','chai12','3');
INSERT INTO Projet (codeProjet, titreProjet, themes, budget, dateDebut, description, loginCh, codeEq) VALUES ('prpcr4','','','','','','','chlc9','4');
INSERT INTO Projet (codeProjet, titreProjet, themes, budget, dateDebut, description, loginCh, codeEq) VALUES ('prpcr5','','','','','','','chts3','5');
INSERT INTO Projet (codeProjet, titreProjet, themes, budget, dateDebut, description, loginCh, codeEq) VALUES ('prpcr6','','','','','','','chaf14','6');
INSERT INTO Projet (codeProjet, titreProjet, themes, budget, dateDebut, description, loginCh, codeEq) VALUES ('prpcr7','','','','','','','chga7','7');
INSERT INTO Projet (codeProjet, titreProjet, themes, budget, dateDebut, description, loginCh, codeEq) VALUES ('prpcr8','','','','','','','chap13','8');
INSERT INTO Projet (codeProjet, titreProjet, themes, budget, dateDebut, description, loginCh, codeEq) VALUES ('prpcr9','','','','','','','chat4','9');
INSERT INTO Projet (codeProjet, titreProjet, themes, budget, dateDebut, description, loginCh, codeEq) VALUES ('prpcr10','','','','','','','chas6','10');

/*Dans PUBLICATIONS*/
INSERT INTO Publication (codePub, titrePub, typePub, datePub) VALUES ('1','Contrôle de systèmes multimédia interactifs','memoire','20/06/2016');
INSERT INTO Publication (codePub, titrePub, typePub, datePub) VALUES ('2','Evolution internet des objets','article','02/02/2017');
INSERT INTO Publication (codePub, titrePub, typePub, datePub) VALUES ('3','Présentation du projet ALPHA','rapport','20/06/1993');
INSERT INTO Publication (codePub, titrePub, typePub, datePub) VALUES ('4','Compte-rendu réunion de suivi de projet','frpte-rendu','27/07/1983');
INSERT INTO Publication (codePub, titrePub, typePub, datePub) VALUES ('5','Modélisation et caractérisation d\'un laser à modes vérouillés fibre pour la génération très haute fréquence','','04/07/2016');
INSERT INTO Publication (codePub, titrePub, typePub, datePub) VALUES ('6','Des batteries plus sûres inspirées de nos piles classiques','','');
INSERT INTO Publication (codePub, titrePub, typePub, datePub) VALUES ('7','La chaleur du rayonnement infrarouge','','');
INSERT INTO Publication (codePub, titrePub, typePub, datePub) VALUES ('8','Relativité restreinte et naissance de l espace-temps','','');
INSERT INTO Publication (codePub, titrePub, typePub, datePub) VALUES ('9','Pyrène, robot humanoïde nouvelle génération','','');
INSERT INTO Publication (codePub, titrePub, typePub, datePub) VALUES ('10','','','');



INSERT INTO Publier (codePub, loginCh) VALUES ('','chrl1');
INSERT INTO Publier (codePub, loginCh) VALUES ('','chld2');
INSERT INTO Publier (codePub, loginCh) VALUES ('','chts3');
INSERT INTO Publier (codePub, loginCh) VALUES ('','chat4');
INSERT INTO Publier (codePub, loginCh) VALUES ('','chas6');
INSERT INTO Publier (codePub, loginCh) VALUES ('','chtj10');
INSERT INTO Publier (codePub, loginCh) VALUES ('','chas19');
INSERT INTO Publier (codePub, loginCh) VALUES ('','chlc9');



INSERT INTO Commentaire (codeCom, contenuCom, dateCom, codePubCh, loginCh, codePubAbo,loginAbo) VALUES ('','','','','','','');
INSERT INTO Commentaire (codeCom, contenuCom, dateCom, codePubCh, loginCh, codePubAbo,loginAbo) VALUES ('','','','','','','');
INSERT INTO Commentaire (codeCom, contenuCom, dateCom, codePubCh, loginCh, codePubAbo,loginAbo) VALUES ('','','','','','','');
INSERT INTO Commentaire (codeCom, contenuCom, dateCom, codePubCh, loginCh, codePubAbo,loginAbo) VALUES ('','','','','','','');
INSERT INTO Commentaire (codeCom, contenuCom, dateCom, codePubCh, loginCh, codePubAbo,loginAbo) VALUES ('','','','','','','');
INSERT INTO Commentaire (codeCom, contenuCom, dateCom, codePubCh, loginCh, codePubAbo,loginAbo) VALUES ('','','','','','','');
INSERT INTO Commentaire (codeCom, contenuCom, dateCom, codePubCh, loginCh, codePubAbo,loginAbo) VALUES ('','','','','','','');
INSERT INTO Commentaire (codeCom, contenuCom, dateCom, codePubCh, loginCh, codePubAbo,loginAbo) VALUES ('','','','','','','');
INSERT INTO Commentaire (codeCom, contenuCom, dateCom, codePubCh, loginCh, codePubAbo,loginAbo) VALUES ('','','','','','','');
INSERT INTO Commentaire (codeCom, contenuCom, dateCom, codePubCh, loginCh, codePubAbo,loginAbo) VALUES ('','','','','','','');
INSERT INTO Commentaire (codeCom, contenuCom, dateCom, codePubCh, loginCh, codePubAbo,loginAbo) VALUES ('','','','','','','');
INSERT INTO Commentaire (codeCom, contenuCom, dateCom, codePubCh, loginCh, codePubAbo,loginAbo) VALUES ('','','','','','','');
INSERT INTO Commentaire (codeCom, contenuCom, dateCom, codePubCh, loginCh, codePubAbo,loginAbo) VALUES ('','','','','','','');
INSERT INTO Commentaire (codeCom, contenuCom, dateCom, codePubCh, loginCh, codePubAbo,loginAbo) VALUES ('','','','','','','');
INSERT INTO Commentaire (codeCom, contenuCom, dateCom, codePubCh, loginCh, codePubAbo,loginAbo) VALUES ('','','','','','','');




INSERT INTO Administrateur (loginAdmin, passAdmin, nomAdmin, prenomAdmin, mailAdmin, actifAdmin)


INSERT INTO Fichier (codeFich, nomFich, codeProjet) VALUES ('','','');
INSERT INTO Fichier (codeFich, nomFich, codeProjet) VALUES ('','','');
INSERT INTO Fichier (codeFich, nomFich, codeProjet) VALUES ('','','');
INSERT INTO Fichier (codeFich, nomFich, codeProjet) VALUES ('','','');
INSERT INTO Fichier (codeFich, nomFich, codeProjet) VALUES ('','','');
INSERT INTO Fichier (codeFich, nomFich, codeProjet) VALUES ('','','');
INSERT INTO Fichier (codeFich, nomFich, codeProjet) VALUES ('','','');
INSERT INTO Fichier (codeFich, nomFich, codeProjet) VALUES ('','','');
INSERT INTO Fichier (codeFich, nomFich, codeProjet) VALUES ('','','');
INSERT INTO Fichier (codeFich, nomFich, codeProjet) VALUES ('','','');
INSERT INTO Fichier (codeFich, nomFich, codeProjet) VALUES ('','','');
INSERT INTO Fichier (codeFich, nomFich, codeProjet) VALUES ('','','');
INSERT INTO Fichier (codeFich, nomFich, codeProjet) VALUES ('','','');
INSERT INTO Fichier (codeFich, nomFich, codeProjet) VALUES ('','','');
INSERT INTO Fichier (codeFich, nomFich, codeProjet) VALUES ('','','');
INSERT INTO Fichier (codeFich, nomFich, codeProjet) VALUES ('','','');
INSERT INTO Fichier (codeFich, nomFich, codeProjet) VALUES ('','','');
INSERT INTO Fichier (codeFich, nomFich, codeProjet) VALUES ('','','');
INSERT INTO Fichier (codeFich, nomFich, codeProjet) VALUES ('','','');


