SET DATESTYLE TO 'european';

/*Dans EquipeProjet*/
INSERT INTO EquipeProjets VALUES ('1','SARA');
INSERT INTO EquipeProjets VALUES ('2','MOST');
INSERT INTO EquipeProjets VALUES ('3','IDEA');
INSERT INTO EquipeProjets VALUES ('4','NEO');
INSERT INTO EquipeProjets VALUES ('5','RIS');
INSERT INTO EquipeProjets VALUES ('6','S4M');
INSERT INTO EquipeProjets VALUES ('7','ELIA');
INSERT INTO EquipeProjets VALUES ('8','OSE');
INSERT INTO EquipeProjets VALUES ('9','TSF');
INSERT INTO EquipeProjets VALUES ('10','ISGE');


/*Dans Chercheurs*/
INSERT INTO Chercheurs  VALUES ('chrl1','39df9cf52d3915bbeef6522df4007395','leleivai','rodrigue','rleleivai@pcr.fr','0784409617','true');
INSERT INTO Chercheurs  VALUES ('chld2','e728b47751c6555942cb60f97d1e4553','ly','dieynaba','lydieynaly@pcr.fr','0758089104','true');
INSERT INTO Chercheurs  VALUES ('chts3','082e097606d795b8804629490cedd2f1','taillefer','simon','simon.taillefer82@pcr.fr','0666987427','true');
INSERT INTO Chercheurs  VALUES ('chat4','5a1d365841386335862599302dedb9a1','alwan','tarek','alwantarek@pcr.fr','0751681651','true');
INSERT INTO Chercheurs  VALUES ('chmf5','846a14f835fb3c75c59148c136a9b293','mojahid','fabrice','mojahid@pcr.fr','0658089100','true');
INSERT INTO Chercheurs  VALUES ('chas6','f7644789dccac604f92befc9993e67a3','aoun','sylvie','aoun@pcr.fr','0658012345','true');
INSERT INTO Chercheurs  VALUES ('chga7','00eb6e35f6edc7e5fcb2aacc7a21f891','galy','antoine','galy@pcr.fr','0758089321','true');
INSERT INTO Chercheurs  VALUES ('chta8','6ce1a133fa63d64306c463bdd3122598','tall','amina','tall@pcr.fr','0758089322','true');
INSERT INTO Chercheurs  VALUES ('chlc9','63174b8bf0e066b386ca1cf2531d40ad','leroux','Catherine','leroux@pcr.fr','0758082788','true');
INSERT INTO Chercheurs  VALUES ('chtj10','042e0b99fba7d45006d33ba03d7adebe','tissene','jacky','tissene@pcr.fr','0758088756','true');
INSERT INTO Chercheurs  VALUES ('chbc11','c57ea33583fc6e7bde0932ea9236ee45','bourasseau','christine','bourasseau@pcr.fr','0758089555','true');
INSERT INTO Chercheurs  VALUES ('chai12','ae034dc2a8a3c262fadda5006832e7dd','abdallah','iman','abdallah@pcr.fr','0561336838','true');
INSERT INTO Chercheurs  VALUES ('chap13','987eb20a3b15574817893b59afdb7e0c','acco','pascal','acco@pcr.fr','0561336838','true');
INSERT INTO Chercheurs  VALUES ('chaf14','f937e0feb871ffa0b2b82b9cf1d9286f','aissaoui','francois','aissaoui@pcr.fr','0561336838','true');
INSERT INTO Chercheurs  VALUES ('chmm15','2440252477a614ec4252a8e007448e7c','maty','mathieu','maty@pcr.fr','0561336838','true');
INSERT INTO Chercheurs  VALUES ('chav16','b1982bb762315e421f0ce9f610ad7786','arellando','victor','arellando@pcr.fr','0561336838','true');
INSERT INTO Chercheurs  VALUES ('chap17','ed8bcb5ac3bbf2af60873f031aa63d93','arguel','philippe','arguel@pcr.fr','0561336838','true');
INSERT INTO Chercheurs  VALUES ('chaj18','30f7755558b1586a52c80cc1b648f761','arlat','jean','arlat@pcr.fr','0561336838','true');
INSERT INTO Chercheurs  VALUES ('chas19','a8e6800ea5b2924309f8509d24b318a3','aude','sylvain','aude@pcr.fr','0561336838','true');
INSERT INTO Chercheurs  VALUES ('chap20','229979fce5174c17d4645bf8752dae1e','austin','patrick','austin@pcr.fr','0561336838','true');
INSERT INTO Chercheurs  VALUES ('chav21','e5eb0b0b6ced3cd34853bafe1305440e','averlant','guillaume','averlant@pcr.fr','0561336838','true');
INSERT INTO Chercheurs  VALUES ('chag22','5c04fcb27cd1b8362bf1e019ac2bf415','auriol','guillaume','auriol.guillaume@pcr.fr','0561336838','true');
INSERT INTO Chercheurs  VALUES ('chah23','522d2735ccbe5b74968dfc9a09ed2dbf','aubert','herve','aubert.herve@pcr.fr','0561336838','true');
INSERT INTO Chercheurs  VALUES ('chac24','323cb372e1e455e4181d167f0ac2e903','artigues','christian','artigues.christian@pcr.fr','0561336838','true');
INSERT INTO Chercheurs  VALUES ('chac25','0d3ab697ab44fae4aea4097d41024718','arlotti','clement','artlotti.clement@pcr.fr','0561336838','true');
INSERT INTO Chercheurs  VALUES ('chay26','082bb11574f57aed02d059ce994800d1','ariba','yassine','ariba.yassine@pcr.fr','0561336838','true');
INSERT INTO Chercheurs  VALUES ('chai27','0264391c340e4d3cbba430cee7836eaf','ardi','ibrahim','ardi.ibrahim@pcr.fr','0561336838','true');
INSERT INTO Chercheurs  VALUES ('chld28','127da71146a25580c3690ef7b89edad4','leana','dollars','leana.dollars@pcr.fr','0561336838','true'); 
INSERT INTO Chercheurs  VALUES ('chps29','765ba753b609d84b3813991fe23f81b3','perez','sophie','perez.sophie@pcr.fr','0561336838','true');
INSERT INTO Chercheurs  VALUES ('chal30','0e5091a25295e44fea9957638527301f','antoine','laurent','antoine.laurent@pcr.fr','0561336838','true');
INSERT INTO Chercheurs  VALUES ('chja31','bf17e568257ec4f32a1128167e882312','jade','athena','jade.athena@pcr.fr','0561336838','true');
INSERT INTO Chercheurs  VALUES ('chem32','14bd76e02198410c078ab65227ea0794','eva','mathieu','eva.mathieu@pcr.fr','0561336838','false');
INSERT INTO Chercheurs  VALUES ('chcs33','236e92bcf7c04d8d7ff3f798b537823f','clement','sophie','clement.sophie@pcr.fr','0561336838','false');
INSERT INTO Chercheurs  VALUES ('chlb34','7470c957b343e15aff2db879af35f1b2','louison','brunet','louison.brunet@pcr.fr','0561336838','false');

/*Dans Appartenir*/
/*membre equipe 1*/
INSERT INTO Appartenir  VALUES ('chrl1','1');
INSERT INTO Appartenir  VALUES ('chld2','1');
INSERT INTO Appartenir  VALUES ('chat4','1');
INSERT INTO Appartenir  VALUES ('chmf5','1');
INSERT INTO Appartenir  VALUES ('chtj10','1');
/*membre equipe2*/
INSERT INTO Appartenir  VALUES ('chrl1','2');
INSERT INTO Appartenir  VALUES ('chld2','2');
INSERT INTO Appartenir  VALUES ('chmf5','2');
INSERT INTO Appartenir  VALUES ('chai12','2');
INSERT INTO Appartenir  VALUES ('chmm15','2');
/*membre equipe3*/
INSERT INTO Appartenir  VALUES ('chrl1','3');
INSERT INTO Appartenir  VALUES ('chai12','3');
INSERT INTO Appartenir  VALUES ('chav16','3');
INSERT INTO Appartenir  VALUES ('chap17','3');
INSERT INTO Appartenir  VALUES ('chaj18','3');
/*membre equipe4*/
INSERT INTO Appartenir  VALUES ('chld2','4');
INSERT INTO Appartenir  VALUES ('chlc9','4');
INSERT INTO Appartenir  VALUES ('chap20','4');
INSERT INTO Appartenir  VALUES ('chac24','4');
INSERT INTO Appartenir  VALUES ('chay26','4');
/*membre equipe5*/
INSERT INTO Appartenir  VALUES ('chts3','5');
INSERT INTO Appartenir  VALUES ('chta8','5');
INSERT INTO Appartenir  VALUES ('chas19','5');
INSERT INTO Appartenir  VALUES ('chav21','5');
INSERT INTO Appartenir  VALUES ('chld28','5');
/*membre equipe6*/
INSERT INTO Appartenir  VALUES ('chts3','6');
INSERT INTO Appartenir  VALUES ('chaf14','6');
INSERT INTO Appartenir  VALUES ('chav21','6');
INSERT INTO Appartenir  VALUES ('chah23','6');
INSERT INTO Appartenir  VALUES ('chai27','6');
/*membre equipe7*/
INSERT INTO Appartenir  VALUES ('chga7','7');
INSERT INTO Appartenir  VALUES ('chbc11','7');
INSERT INTO Appartenir  VALUES ('chay26','7');
INSERT INTO Appartenir  VALUES ('chld28','7');
INSERT INTO Appartenir  VALUES ('chal30','7');
/*membre equipe8*/
INSERT INTO Appartenir  VALUES ('chts3','8');
INSERT INTO Appartenir  VALUES ('chap13','8');
INSERT INTO Appartenir  VALUES ('chac25','8');
INSERT INTO Appartenir  VALUES ('chai27','8');
INSERT INTO Appartenir  VALUES ('chal30','8');
/*membre equipe9*/
INSERT INTO Appartenir  VALUES ('chat4','9');
INSERT INTO Appartenir  VALUES ('chbc11','9');
INSERT INTO Appartenir  VALUES ('chap13','9');
INSERT INTO Appartenir  VALUES ('chah23','9');
INSERT INTO Appartenir  VALUES ('chps29','9');
/*membre equipe10*/
INSERT INTO Appartenir  VALUES ('chat4','10');
INSERT INTO Appartenir  VALUES ('chas6','10');
INSERT INTO Appartenir  VALUES ('chaf14','10');
INSERT INTO Appartenir  VALUES ('chag22','10');
INSERT INTO Appartenir  VALUES ('chja31','10');



/*Dans ABONNES*/
INSERT INTO abonnes  VALUES ('abdj1','e18164fb58a9c2921f8def70b4d6ab47','dupont','jean','jdupont@pcr.fr','0561336838','true');
INSERT INTO abonnes  VALUES ('abpp2','84675f2baf7140037b8f5afe54eef841','pierre','paul','ppaul@pcr.fr','0561336838','false');
INSERT INTO abonnes  VALUES ('abgr3','a82e764a09d728bcba36c559ba2c537a','gras','roy','groy@pcr.fr','0561336838','true');
INSERT INTO abonnes  VALUES ('abbm4','317aaad9e235b279c380f4cff1ef3c64','bonnafon','marc','bmarc@pcr.fr','0561336838','true');
INSERT INTO abonnes  VALUES ('abbm5','2faefd317532eb16143481a2e682a035','bonne','emelyne','bemelyne@pcr.fr','0561336838','true');


/*DAns PROJETS*/
INSERT INTO projets  VALUES ('prpcr1','Supervision, modélisation et analyse du trafic','Reseaux et Communications','10000','30/01/2017','L’objectif est la conception et l’analyse de modèles mathématiques permettant de prédire, d’optimiser et de contrôler les performances des réseaux de nouvelle génération.','chld2','1');
INSERT INTO projets  VALUES ('prpcr2','Les architectures de communication autonomiques','Reseaux et Communications','15000','30/03/2017','Il s’agit de traiter de façon cohérente à la fois les exigences des applications que les réseaux supportent et les contraintes des environnements dans lesquels ils doivent opérer.','chrl1','2');
INSERT INTO projets  VALUES ('prpcr3','Les mécanismes des protocoles et des services adaptatifs et garantis','Reseaux et Communications','8000','15/01/2017','Notre objectif est de concevoir, pour un niveau de communication donné, des protocoles et des mécanismes élémentaires de nature à fournir de manière adaptative au niveau applicatif ou au niveau de l’utilisateur final.','chai12','3');
INSERT INTO projets  VALUES ('prpcr4','Planification et optimisation de réseaux','Reseaux et Communications','12000','30/04/2017','Les études portent d’une part sur l’optimisation du routage en vue de garantir une qualité prédéfinie, sur le dimensionnement à moindre coût des équipements, ainsi que sur la recherche de topologies optimales.','chlc9','4');
INSERT INTO projets  VALUES ('prpcr5','Développement des plates-formes expérimentales','Reseaux et Communications','14000','18/03/2017',
	'L’objectif est de fournir le support technique pour expérimenter et valider les architectures protocolaires et mécanismes réseaux issus 
	de la recherche, principalement sur des problématiques de QoS, de sécurité...','chts3','5');

INSERT INTO projets  VALUES ('prpcr6','Adaptability of fault tolerance software','Informatique Critique','15000','01/01/2017',
	'The adaptation of software systems is essential to implement resilient computing, in particular very challenging when targeting fault 
	tolerance software. ','chaf14','6');
INSERT INTO projets  VALUES ('prpcr7','Defenses for autonomously-adapting systems','Informatique Critique','17000','02/02/2017',
	'Autonomous systems have to cope with various execution environments while guaranteeing safety, and in particular when they interact with 
	humans, as is the case for robotic systems.','chga7','7');
INSERT INTO projets  VALUES ('prpcr8','Virtualization and diversification','Informatique Critique','20000','01/04/2017',
	'Autonomous systems have to cope with various execution environments while guaranteeing safety, and in particular when they interact 
	with humans, as is the case for robotic systems.','chap13','8');
INSERT INTO projets  VALUES ('prpcr9','Protection against I/O attacks','Informatique Critique','16000','01/05/2017',
	'Nowadays, most malware consists in code executed by the victim’s CPU, either with user privilege 
	(e.g., code hidden in maliciously crafted web pages) or with supervisor privilege (e.g., rootkits). ','chat4','9');
INSERT INTO projets  VALUES ('prpcr10','Geoprivacy protocols','Informatique Critique','14000','30/04/2017',
	'The advent of ubiquitous devices and the growing development of location-based services have led to a large scale collection of 
	individuals’ mobility data on a daily basis.','chas6','10');


/*Dans PUBLICATIONS*/

INSERT INTO publications (codePub, titrePub, typePub, datePub) VALUES ('1','Study of the photophysical properties of oxyluciferin derivatives and their applications to the characterization of interactions between biomolecules','memoire','30/01/2017');
INSERT INTO publications (codePub, titrePub, typePub, datePub) VALUES ('2','La protection des systèmes informatiques vis à vis des malveillances','memoire','28/02/2017');
INSERT INTO publications (codePub, titrePub, typePub, datePub) VALUES ('3','Evaluation des systèmes de détection d’intrusion','memoire','30/03/2017');
INSERT INTO publications (codePub, titrePub, typePub, datePub) VALUES ('4','Sauvegarde coopérative de données pour dispositifs mobiles','memoire','30/04/2017');

INSERT INTO publications (codePub, titrePub, typePub, datePub) VALUES ('5','Tolérance aux fautes dans les systèmes autonomes','rapport','30/01/2017');
INSERT INTO publications (codePub, titrePub, typePub, datePub) VALUES ('6','Les communications anonymes à faible latence','rapport','28/02/2017');
INSERT INTO publications (codePub, titrePub, typePub, datePub) VALUES ('7','Evaluation de la sûreté de fonctionnement de systèmes multiprocesseurs à usage multiple','rapport','30/03/2017');
INSERT INTO publications (codePub, titrePub, typePub, datePub) VALUES ('13','Tolérance aux fautes sur CORBA par protocole à métaobjets et langages réflexifs','rapport','30/04/2017');



INSERT INTO publications (codePub, titrePub, typePub, datePub) VALUES ('8','L’aspect topologique des recommandations','article','01/06/2016');
INSERT INTO publications (codePub, titrePub, typePub, datePub) VALUES ('9','State of the art of network protocol reverse engineering tools','article','01/07/2016');
INSERT INTO publications (codePub, titrePub, typePub, datePub) VALUES ('10','Two convergence problems for robots on graphs','article','01/08/2016');
INSERT INTO publications (codePub, titrePub, typePub, datePub) VALUES ('11','Test de systèmes ubiquitaires avec prise en compte explicite de la mobilité','article','01/09/2016');
INSERT INTO publications (codePub, titrePub, typePub, datePub) VALUES ('12','Architecture sécurisée pour les systèmes d’information des avions du futur','article','01/10/2016');
/*
INSERT INTO publications (codePub, titrePub, typePub, datePub) VALUES ('13,'','compte-rendu','15/01/2017');
INSERT INTO publications (codePub, titrePub, typePub, datePub) VALUES ('14','','compte-rendu','15/02/2017');
INSERT INTO publications (codePub, titrePub, typePub, datePub) VALUES ('15','','compte-rendu','15/03/2017');
INSERT INTO publications (codePub, titrePub, typePub, datePub) VALUES ('16','','compte-rendu','15/04/2017');


INSERT INTO publications (codePub, titrePub, typePub, datePub) VALUES ('18','','article','01/11/2016');
INSERT INTO publications (codePub, titrePub, typePub, datePub) VALUES ('19','','article','01/12/2016');
INSERT INTO publications (codePub, titrePub, typePub, datePub) VALUES ('20','','article','01/01/2017');
INSERT INTO publications (codePub, titrePub, typePub, datePub) VALUES ('21','','article','01/02/2017');
INSERT INTO publications (codePub, titrePub, typePub, datePub) VALUES ('22','','article','01/03/2017');
INSERT INTO publications (codePub, titrePub, typePub, datePub) VALUES ('23','','article','01/04/2017');
INSERT INTO publications (codePub, titrePub, typePub, datePub) VALUES ('24','','article','01/05/2017');
*/

INSERT INTO Publier VALUES ('1','chrl1');
INSERT INTO Publier VALUES ('2','chld2');
INSERT INTO Publier VALUES ('3','chts3');
INSERT INTO Publier VALUES ('4','chat4');

INSERT INTO Publier VALUES ('5','chmf5');
INSERT INTO Publier VALUES ('6','chas6');
INSERT INTO Publier VALUES ('7','chga7');
INSERT INTO Publier VALUES ('8','chta8');

INSERT INTO Publier VALUES ('9','chtj10');
INSERT INTO Publier VALUES ('10','chlc9');
INSERT INTO Publier VALUES ('11','chai12');
INSERT INTO Publier VALUES ('12','chbc11');
/*
INSERT INTO Publier VALUES ('13','chrl1');
INSERT INTO Publier VALUES ('14','chld2');
INSERT INTO Publier VALUES ('15','chts3');
INSERT INTO Publier VALUES ('16','chat4');
INSERT INTO Publier VALUES ('17','chap13');
INSERT INTO Publier VALUES ('18','chaf14');
INSERT INTO Publier VALUES ('19','chmm15');
INSERT INTO Publier VALUES ('20','chav16');
INSERT INTO Publier VALUES ('21','chap17');
INSERT INTO Publier VALUES ('22','chaj18');
INSERT INTO Publier VALUES ('23','chas19');
INSERT INTO Publier VALUES ('24','chap20');

*/



INSERT INTO commentaires (codeCom, contenuCom, dateCom, codePubAbo,loginAbo) VALUES ('1','Pouvez vous nous citer des cas d’utilisation de ces systemes?','21/02/2017','12','abgr3');
INSERT INTO commentaires (codeCom, contenuCom, dateCom, codePubAbo,loginAbo) VALUES ('2','Qu’elles sont les protocoles de securite mis en place','21/03/2017','12','abgr3');

/*
INSERT INTO commentaires (codeCom, contenuCom, dateCom, codePubCh, loginCh) VALUES ('2','AAAAA','21/02/2017','5','chbc11');
INSERT INTO commentaires (codeCom, contenuCom, dateCom, codePubCh, loginCh) VALUES ('3','AAAAA','21/02/2017','5','chbc11');
INSERT INTO commentaires (codeCom, contenuCom, dateCom, codePubCh, loginCh) VALUES ('1','','21/02/2017','5','chbc11');
INSERT INTO commentaires (codeCom, contenuCom, dateCom, codePubCh, loginCh) VALUES ('4','AAAAA','21/02/2017','13','chbc11');
INSERT INTO commentaires (codeCom, contenuCom, dateCom, codePubCh, loginCh) VALUES ('5','AAAAA','21/02/2017','13','chbc11');
INSERT INTO commentaires (codeCom, contenuCom, dateCom, codePubCh, loginCh) VALUES ('6','AAAAA','21/02/2017','13','chbc11');
INSERT INTO commentaires (codeCom, contenuCom, dateCom, codePubCh, loginCh) VALUES ('7','AAAAA','21/02/2017','13','chbc11');
INSERT INTO commentaires (codeCom, contenuCom, dateCom, codePubCh, loginCh) VALUES ('8','AAAAA','21/02/2017','13','chbc11');
INSERT INTO commentaires (codeCom, contenuCom, dateCom, codePubCh, loginCh) VALUES ('9','AAAAA','21/02/2017','13','chbc11');
INSERT INTO commentaires (codeCom, contenuCom, dateCom, codePubCh, loginCh) VALUES ('10','AAAAA','21/02/2017','13','chbc11');


INSERT INTO commentaires (codeCom, contenuCom, dateCom, codePubAbo,loginAbo) VALUES ('12','CCCCCCCCC','21/02/2017','5','abgr3');

INSERT INTO commentaires (codeCom, contenuCom, dateCom, codePubAbo,loginAbo) VALUES ('14','CCCCCCCCC','21/02/2017','13','abgr3');
INSERT INTO commentaires (codeCom, contenuCom, dateCom, codePubAbo,loginAbo) VALUES ('15','CCCCCCCCC','21/02/2017','13','abgr3');
INSERT INTO commentaires (codeCom, contenuCom, dateCom, codePubAbo,loginAbo) VALUES ('17','CCCCCCCCC','21/02/2017','13','abgr3');
INSERT INTO commentaires (codeCom, contenuCom, dateCom, codePubAbo,loginAbo) VALUES ('18','CCCCCCCCC','21/02/2017','13','abgr3');
INSERT INTO commentaires (codeCom, contenuCom, dateCom, codePubAbo,loginAbo) VALUES ('19','CCCCCCCCC','21/02/2017','13','abgr3');
INSERT INTO commentaires (codeCom, contenuCom, dateCom, codePubAbo,loginAbo) VALUES ('20','CCCCCCCCC','21/02/2017','13','abgr3');

*/

/*---------------------------------------------INCOMPLET-----------------------------------------------------------------------------------------------*/

/*
INSERT INTO Administrateur (loginAdmin, passAdmin, nomAdmin, prenomAdmin, mailAdmin, actifAdmin)


INSERT INTO Fichier (codeFich, nomFich, codeProjet) VALUES ('','','');
INSERT INTO Fichier (codeFich, nomFich, codeProjet) VALUES ('','','');
INSERT INTO Fichier (codeFich, nomFich, codeProjet) VALUES ('','','');
INSERT INTO Fichier (codeFich, nomFich, codeProjet) VALUES ('','','');
INSERT INTO Fichier (codeFich, nomFich, codeProjet) VALUES ('','','');
INSERT INTO Fichier (codeFich, nomFich, codeProjet) VALUES ('','','');
INSERT INTO Fichier (codeFich, nomFich, codeProjet) VALUES ('','','');
INSERT INTO Fichier (codeFich, nomFich, codeProjet) VALUES ('','','');
INSERT INTO Fichier (codeFich, nomFich, codeProjet) VALUES ('','','');
INSERT INTO Fichier (codeFich, nomFich, codeProjet) VALUES ('','','');
INSERT INTO Fichier (codeFich, nomFich, codeProjet) VALUES ('','','');
INSERT INTO Fichier (codeFich, nomFich, codeProjet) VALUES ('','','');
INSERT INTO Fichier (codeFich, nomFich, codeProjet) VALUES ('','','');
INSERT INTO Fichier (codeFich, nomFich, codeProjet) VALUES ('','','');
INSERT INTO Fichier (codeFich, nomFich, codeProjet) VALUES ('','','');
INSERT INTO Fichier (codeFich, nomFich, codeProjet) VALUES ('','','');
INSERT INTO Fichier (codeFich, nomFich, codeProjet) VALUES ('','','');
INSERT INTO Fichier (codeFich, nomFich, codeProjet) VALUES ('','','');
INSERT INTO Fichier (codeFich, nomFich, codeProjet) VALUES ('','','');

*/
